{
	"format_version": "1.21.6",
	"credit": "Made with Blockbench",
	"texture_size": [64, 64],
	"textures": {
		"0": "item/engine",
		"particle": "item/engine"
	},
	"elements": [
		{
			"from": [0, 0, -13],
			"to": [11, 9, 5],
			"rotation": {"angle": 0, "axis": "y", "origin": [0, 0, 3]},
			"faces": {
				"north": {"uv": [4.5, 8.25, 7.25, 10.5], "texture": "#0"},
				"east": {"uv": [0, 4.5, 4.5, 6.75], "texture": "#0"},
				"south": {"uv": [9, 4.5, 11.75, 6.75], "texture": "#0"},
				"west": {"uv": [4.5, 4.5, 9, 6.75], "texture": "#0"},
				"up": {"uv": [2.75, 4.5, 0, 0], "texture": "#0"},
				"down": {"uv": [5.5, 0, 2.75, 4.5], "texture": "#0"}
			}
		},
		{
			"from": [12.5, 1.3, -12.9],
			"to": [18.5, 7.3, 4.9],
			"rotation": {"angle": 45, "axis": "z", "origin": [7.5, 1.3, 3]},
			"faces": {
				"north": {"uv": [9, 9.75, 10.5, 11.25], "texture": "#0"},
				"east": {"uv": [5.5, 3, 10, 4.5], "texture": "#0"},
				"south": {"uv": [10, 0, 11.5, 1.5], "texture": "#0"},
				"west": {"uv": [3, 6.75, 7.5, 8.25], "texture": "#0"},
				"up": {"uv": [9, 11.25, 7.5, 6.75], "texture": "#0"},
				"down": {"uv": [4.5, 8.25, 3, 12.75], "texture": "#0"}
			}
		},
		{
			"from": [1.5, 1.3, -12.9],
			"to": [7.5, 7.3, 4.9],
			"rotation": {"angle": 45, "axis": "z", "origin": [-3.5, 1.3, 3]},
			"faces": {
				"north": {"uv": [9, 6.75, 10.5, 8.25], "texture": "#0"},
				"east": {"uv": [5.5, 0, 10, 1.5], "texture": "#0"},
				"south": {"uv": [9, 8.25, 10.5, 9.75], "texture": "#0"},
				"west": {"uv": [5.5, 1.5, 10, 3], "texture": "#0"},
				"up": {"uv": [1.5, 11.25, 0, 6.75], "texture": "#0"},
				"down": {"uv": [3, 6.75, 1.5, 11.25], "texture": "#0"}
			}
		},
		{
			"from": [4, 2.5, 5],
			"to": [7, 5.5, 6],
			"rotation": {"angle": 0, "axis": "y", "origin": [4, 3.5, 5]},
			"faces": {
				"north": {"uv": [10, 1.5, 10.75, 2.25], "texture": "#0"},
				"east": {"uv": [7.25, 8.25, 7.5, 9], "texture": "#0"},
				"south": {"uv": [10, 2.25, 10.75, 3], "texture": "#0"},
				"west": {"uv": [7.25, 9, 7.5, 9.75], "texture": "#0"},
				"up": {"uv": [6.75, 12.75, 6, 12.5], "texture": "#0"},
				"down": {"uv": [13.25, 6.5, 12.5, 6.75], "texture": "#0"}
			}
		},
		{
			"from": [4, 2.5, -14],
			"to": [7, 5.5, -13],
			"rotation": {"angle": 0, "axis": "y", "origin": [4, 3.5, -14]},
			"faces": {
				"north": {"uv": [10, 3, 10.75, 3.75], "texture": "#0"},
				"east": {"uv": [7.25, 9.75, 7.5, 10.5], "texture": "#0"},
				"south": {"uv": [10, 3.75, 10.75, 4.5], "texture": "#0"},
				"west": {"uv": [6.75, 12.5, 7, 13.25], "texture": "#0"},
				"up": {"uv": [13.25, 7, 12.5, 6.75], "texture": "#0"},
				"down": {"uv": [13.25, 7, 12.5, 7.25], "texture": "#0"}
			}
		},
		{
			"from": [0, 2, 2],
			"to": [2, 4, 6],
			"rotation": {"angle": -32.5, "axis": "y", "origin": [0, 2, 2]},
			"faces": {
				"north": {"uv": [9, 11.25, 9.5, 11.75], "texture": "#0"},
				"east": {"uv": [4.5, 10.5, 5.5, 11], "texture": "#0"},
				"south": {"uv": [9.5, 11.25, 10, 11.75], "texture": "#0"},
				"west": {"uv": [5.5, 10.5, 6.5, 11], "texture": "#0"},
				"up": {"uv": [7, 11.5, 6.5, 10.5], "texture": "#0"},
				"down": {"uv": [11, 6.75, 10.5, 7.75], "texture": "#0"}
			}
		},
		{
			"from": [0, 2, -3],
			"to": [2, 4, 1],
			"rotation": {"angle": -32.5, "axis": "y", "origin": [0, 2, -3]},
			"faces": {
				"north": {"uv": [10, 11.25, 10.5, 11.75], "texture": "#0"},
				"east": {"uv": [10.5, 7.75, 11.5, 8.25], "texture": "#0"},
				"south": {"uv": [11, 11.25, 11.5, 11.75], "texture": "#0"},
				"west": {"uv": [10.5, 8.25, 11.5, 8.75], "texture": "#0"},
				"up": {"uv": [7.5, 11.5, 7, 10.5], "texture": "#0"},
				"down": {"uv": [11, 8.75, 10.5, 9.75], "texture": "#0"}
			}
		},
		{
			"from": [0, 2, -8],
			"to": [2, 4, -4],
			"rotation": {"angle": -32.5, "axis": "y", "origin": [0, 2, -8]},
			"faces": {
				"north": {"uv": [11.5, 0, 12, 0.5], "texture": "#0"},
				"east": {"uv": [10.5, 9.75, 11.5, 10.25], "texture": "#0"},
				"south": {"uv": [11.5, 0.5, 12, 1], "texture": "#0"},
				"west": {"uv": [10.5, 10.25, 11.5, 10.75], "texture": "#0"},
				"up": {"uv": [11.25, 2.5, 10.75, 1.5], "texture": "#0"},
				"down": {"uv": [11.25, 2.5, 10.75, 3.5], "texture": "#0"}
			}
		},
		{
			"from": [0, 2, -13],
			"to": [2, 4, -9],
			"rotation": {"angle": -32.5, "axis": "y", "origin": [0, 2, -13]},
			"faces": {
				"north": {"uv": [11.5, 1, 12, 1.5], "texture": "#0"},
				"east": {"uv": [10.75, 3.5, 11.75, 4], "texture": "#0"},
				"south": {"uv": [5, 11.5, 5.5, 12], "texture": "#0"},
				"west": {"uv": [10.75, 4, 11.75, 4.5], "texture": "#0"},
				"up": {"uv": [11, 11.75, 10.5, 10.75], "texture": "#0"},
				"down": {"uv": [5, 11, 4.5, 12], "texture": "#0"}
			}
		},
		{
			"from": [11.2, 2, -13.6],
			"to": [13.2, 4, -9.6],
			"rotation": {"angle": 32.5, "axis": "y", "origin": [13.2, 2, -9.6]},
			"faces": {
				"north": {"uv": [11.5, 9.25, 12, 9.75], "texture": "#0"},
				"east": {"uv": [11.25, 3, 12.25, 3.5], "texture": "#0"},
				"south": {"uv": [11.5, 9.75, 12, 10.25], "texture": "#0"},
				"west": {"uv": [7.5, 11.25, 8.5, 11.75], "texture": "#0"},
				"up": {"uv": [3, 12.25, 2.5, 11.25], "texture": "#0"},
				"down": {"uv": [9, 11.25, 8.5, 12.25], "texture": "#0"}
			}
		},
		{
			"from": [11.2, 2, -8.6],
			"to": [13.2, 4, -4.6],
			"rotation": {"angle": 32.5, "axis": "y", "origin": [13.2, 2, -4.6]},
			"faces": {
				"north": {"uv": [11.5, 8.25, 12, 8.75], "texture": "#0"},
				"east": {"uv": [1, 11.25, 2, 11.75], "texture": "#0"},
				"south": {"uv": [11.5, 8.75, 12, 9.25], "texture": "#0"},
				"west": {"uv": [11.25, 1.5, 12.25, 2], "texture": "#0"},
				"up": {"uv": [2.5, 12.25, 2, 11.25], "texture": "#0"},
				"down": {"uv": [11.75, 2, 11.25, 3], "texture": "#0"}
			}
		},
		{
			"from": [11.2, 2, -3.6],
			"to": [13.2, 4, 0.4],
			"rotation": {"angle": 32.5, "axis": "y", "origin": [13.2, 2, 0.4]},
			"faces": {
				"north": {"uv": [7, 11.5, 7.5, 12], "texture": "#0"},
				"east": {"uv": [11, 7.25, 12, 7.75], "texture": "#0"},
				"south": {"uv": [11.5, 7.75, 12, 8.25], "texture": "#0"},
				"west": {"uv": [11, 10.75, 12, 11.25], "texture": "#0"},
				"up": {"uv": [0.5, 12.25, 0, 11.25], "texture": "#0"},
				"down": {"uv": [1, 11.25, 0.5, 12.25], "texture": "#0"}
			}
		},
		{
			"from": [11.2, 2, 1.4],
			"to": [13.2, 4, 5.4],
			"rotation": {"angle": 32.5, "axis": "y", "origin": [13.2, 2, 5.4]},
			"faces": {
				"north": {"uv": [5.5, 11.5, 6, 12], "texture": "#0"},
				"east": {"uv": [5, 11, 6, 11.5], "texture": "#0"},
				"south": {"uv": [6.5, 11.5, 7, 12], "texture": "#0"},
				"west": {"uv": [11, 6.75, 12, 7.25], "texture": "#0"},
				"up": {"uv": [6.5, 12, 6, 11], "texture": "#0"},
				"down": {"uv": [11.5, 8.75, 11, 9.75], "texture": "#0"}
			}
		},
		{
			"from": [3, 9, 2.5],
			"to": [5, 11, 4.5],
			"rotation": {"angle": 0, "axis": "y", "origin": [3, 9, 2.5]},
			"faces": {
				"north": {"uv": [11.5, 10.25, 12, 10.75], "texture": "#0"},
				"east": {"uv": [11.5, 11.25, 12, 11.75], "texture": "#0"},
				"south": {"uv": [1, 11.75, 1.5, 12.25], "texture": "#0"},
				"west": {"uv": [1.5, 11.75, 2, 12.25], "texture": "#0"},
				"up": {"uv": [12.25, 2.5, 11.75, 2], "texture": "#0"},
				"down": {"uv": [12.25, 2.5, 11.75, 3], "texture": "#0"}
			}
		},
		{
			"from": [6, 9, 2.5],
			"to": [8, 11, 4.5],
			"rotation": {"angle": 0, "axis": "y", "origin": [6, 9, 2.5]},
			"faces": {
				"north": {"uv": [11.75, 3.5, 12.25, 4], "texture": "#0"},
				"east": {"uv": [11.75, 4, 12.25, 4.5], "texture": "#0"},
				"south": {"uv": [11.75, 4.5, 12.25, 5], "texture": "#0"},
				"west": {"uv": [11.75, 5, 12.25, 5.5], "texture": "#0"},
				"up": {"uv": [12.25, 6, 11.75, 5.5], "texture": "#0"},
				"down": {"uv": [12.25, 6, 11.75, 6.5], "texture": "#0"}
			}
		},
		{
			"from": [6, 9, -0.5],
			"to": [8, 11, 1.5],
			"rotation": {"angle": 0, "axis": "y", "origin": [6, 9, -0.5]},
			"faces": {
				"north": {"uv": [11, 11.75, 11.5, 12.25], "texture": "#0"},
				"east": {"uv": [11.5, 11.75, 12, 12.25], "texture": "#0"},
				"south": {"uv": [12, 0, 12.5, 0.5], "texture": "#0"},
				"west": {"uv": [12, 0.5, 12.5, 1], "texture": "#0"},
				"up": {"uv": [12.5, 1.5, 12, 1], "texture": "#0"},
				"down": {"uv": [5, 12, 4.5, 12.5], "texture": "#0"}
			}
		},
		{
			"from": [3, 9, -0.5],
			"to": [5, 11, 1.5],
			"rotation": {"angle": 0, "axis": "y", "origin": [3, 9, -0.5]},
			"faces": {
				"north": {"uv": [7.5, 11.75, 8, 12.25], "texture": "#0"},
				"east": {"uv": [8, 11.75, 8.5, 12.25], "texture": "#0"},
				"south": {"uv": [9, 11.75, 9.5, 12.25], "texture": "#0"},
				"west": {"uv": [9.5, 11.75, 10, 12.25], "texture": "#0"},
				"up": {"uv": [10.5, 12.25, 10, 11.75], "texture": "#0"},
				"down": {"uv": [11, 11.75, 10.5, 12.25], "texture": "#0"}
			}
		},
		{
			"from": [6, 9, -3.5],
			"to": [8, 11, -1.5],
			"rotation": {"angle": 0, "axis": "y", "origin": [6, 9, -3.5]},
			"faces": {
				"north": {"uv": [12, 7, 12.5, 7.5], "texture": "#0"},
				"east": {"uv": [12, 7.5, 12.5, 8], "texture": "#0"},
				"south": {"uv": [12, 8, 12.5, 8.5], "texture": "#0"},
				"west": {"uv": [12, 8.5, 12.5, 9], "texture": "#0"},
				"up": {"uv": [12.5, 9.5, 12, 9], "texture": "#0"},
				"down": {"uv": [12.5, 9.5, 12, 10], "texture": "#0"}
			}
		},
		{
			"from": [3, 9, -3.5],
			"to": [5, 11, -1.5],
			"rotation": {"angle": 0, "axis": "y", "origin": [3, 9, -3.5]},
			"faces": {
				"north": {"uv": [5, 12, 5.5, 12.5], "texture": "#0"},
				"east": {"uv": [5.5, 12, 6, 12.5], "texture": "#0"},
				"south": {"uv": [6, 12, 6.5, 12.5], "texture": "#0"},
				"west": {"uv": [6.5, 12, 7, 12.5], "texture": "#0"},
				"up": {"uv": [12.5, 7, 12, 6.5], "texture": "#0"},
				"down": {"uv": [7.5, 12, 7, 12.5], "texture": "#0"}
			}
		},
		{
			"from": [6, 9, -6.5],
			"to": [8, 11, -4.5],
			"rotation": {"angle": 0, "axis": "y", "origin": [6, 9, -6.5]},
			"faces": {
				"north": {"uv": [0.5, 12.25, 1, 12.75], "texture": "#0"},
				"east": {"uv": [1, 12.25, 1.5, 12.75], "texture": "#0"},
				"south": {"uv": [1.5, 12.25, 2, 12.75], "texture": "#0"},
				"west": {"uv": [12.25, 1.5, 12.75, 2], "texture": "#0"},
				"up": {"uv": [2.5, 12.75, 2, 12.25], "texture": "#0"},
				"down": {"uv": [12.75, 2, 12.25, 2.5], "texture": "#0"}
			}
		},
		{
			"from": [3, 9, -6.5],
			"to": [5, 11, -4.5],
			"rotation": {"angle": 0, "axis": "y", "origin": [3, 9, -6.5]},
			"faces": {
				"north": {"uv": [12, 10, 12.5, 10.5], "texture": "#0"},
				"east": {"uv": [12, 10.5, 12.5, 11], "texture": "#0"},
				"south": {"uv": [12, 11, 12.5, 11.5], "texture": "#0"},
				"west": {"uv": [12, 11.5, 12.5, 12], "texture": "#0"},
				"up": {"uv": [12.5, 12.5, 12, 12], "texture": "#0"},
				"down": {"uv": [0.5, 12.25, 0, 12.75], "texture": "#0"}
			}
		},
		{
			"from": [6, 9, -9.5],
			"to": [8, 11, -7.5],
			"rotation": {"angle": 0, "axis": "y", "origin": [6, 9, -9.5]},
			"faces": {
				"north": {"uv": [12.25, 5, 12.75, 5.5], "texture": "#0"},
				"east": {"uv": [12.25, 5.5, 12.75, 6], "texture": "#0"},
				"south": {"uv": [12.25, 6, 12.75, 6.5], "texture": "#0"},
				"west": {"uv": [7.5, 12.25, 8, 12.75], "texture": "#0"},
				"up": {"uv": [8.5, 12.75, 8, 12.25], "texture": "#0"},
				"down": {"uv": [9, 12.25, 8.5, 12.75], "texture": "#0"}
			}
		},
		{
			"from": [3, 9, -9.5],
			"to": [5, 11, -7.5],
			"rotation": {"angle": 0, "axis": "y", "origin": [3, 9, -9.5]},
			"faces": {
				"north": {"uv": [2.5, 12.25, 3, 12.75], "texture": "#0"},
				"east": {"uv": [12.25, 2.5, 12.75, 3], "texture": "#0"},
				"south": {"uv": [12.25, 3, 12.75, 3.5], "texture": "#0"},
				"west": {"uv": [12.25, 3.5, 12.75, 4], "texture": "#0"},
				"up": {"uv": [12.75, 4.5, 12.25, 4], "texture": "#0"},
				"down": {"uv": [12.75, 4.5, 12.25, 5], "texture": "#0"}
			}
		},
		{
			"from": [6, 9, -12.5],
			"to": [8, 11, -10.5],
			"rotation": {"angle": 0, "axis": "y", "origin": [6, 9, -12.5]},
			"faces": {
				"north": {"uv": [12.5, 0, 13, 0.5], "texture": "#0"},
				"east": {"uv": [12.5, 0.5, 13, 1], "texture": "#0"},
				"south": {"uv": [12.5, 1, 13, 1.5], "texture": "#0"},
				"west": {"uv": [4.5, 12.5, 5, 13], "texture": "#0"},
				"up": {"uv": [5.5, 13, 5, 12.5], "texture": "#0"},
				"down": {"uv": [6, 12.5, 5.5, 13], "texture": "#0"}
			}
		},
		{
			"from": [3, 9, -12.5],
			"to": [5, 11, -10.5],
			"rotation": {"angle": 0, "axis": "y", "origin": [3, 9, -12.5]},
			"faces": {
				"north": {"uv": [9, 12.25, 9.5, 12.75], "texture": "#0"},
				"east": {"uv": [9.5, 12.25, 10, 12.75], "texture": "#0"},
				"south": {"uv": [10, 12.25, 10.5, 12.75], "texture": "#0"},
				"west": {"uv": [10.5, 12.25, 11, 12.75], "texture": "#0"},
				"up": {"uv": [11.5, 12.75, 11, 12.25], "texture": "#0"},
				"down": {"uv": [12, 12.25, 11.5, 12.75], "texture": "#0"}
			}
		}
	],
	"display": {
		"thirdperson_righthand": {
			"translation": [0, 0, 3.5],
			"scale": [0.25, 0.25, 0.25]
		},
		"thirdperson_lefthand": {
			"translation": [-1.5, 0, 3.5],
			"scale": [0.25, 0.25, 0.25]
		},
		"firstperson_righthand": {
			"translation": [10.25, 0, -4],
			"scale": [0.75, 0.75, 0.75]
		},
		"firstperson_lefthand": {
			"translation": [10.25, 0, -4],
			"scale": [0.75, 0.75, 0.75]
		},
		"ground": {
			"translation": [1.25, 2.25, 4.75],
			"scale": [0.25, 0.25, 0.25]
		},
		"gui": {
			"rotation": [45, -45, 0],
			"translation": [-3.25, -3.5, 0],
			"scale": [0.5, 0.5, 0.5]
		},
		"fixed": {
			"rotation": [-90, 0, 0],
			"translation": [2.25, 12.25, -6.75]
		}
	}
}