{
	"format_version": "1.21.4",
	"credit": "Made with Blockbench",
	"texture_size": [64, 64],
	"textures": {
		"0": "block/oak_planks",
		"1": "block/black_wool",
		"2": "block/red_wool",
		"3": "item/propeller",
		"particle": "block/oak_planks"
	},
	"elements": [
		{
			"from": [-16, 5, 5],
			"to": [32, 6, 21],
			"rotation": {"angle": 0, "axis": "y", "origin": [0, 5, 5]},
			"faces": {
				"north": {"uv": [0, 0, 16, 1], "texture": "#2"},
				"east": {"uv": [0, 0, 16, 1], "texture": "#2"},
				"south": {"uv": [0, 0, 16, 1], "texture": "#2"},
				"west": {"uv": [0, 0, 16, 1], "texture": "#2"},
				"up": {"uv": [0, 0, 16, 16], "texture": "#2"},
				"down": {"uv": [0, 0, 16, 16], "texture": "#2"}
			}
		},
		{
			"from": [8, 19, -15],
			"to": [9, 29, -7],
			"rotation": {"angle": 0, "axis": "z", "origin": [9, 23, -15]},
			"faces": {
				"north": {"uv": [0, 0, 10, 1], "rotation": 90, "texture": "#2"},
				"east": {"uv": [0, 0, 10, 8], "rotation": 270, "texture": "#2"},
				"south": {"uv": [0, 0, 10, 1], "rotation": 270, "texture": "#2"},
				"west": {"uv": [0, 0, 10, 8], "rotation": 270, "texture": "#2"},
				"up": {"uv": [0, 0, 8, 1], "rotation": 270, "texture": "#2"},
				"down": {"uv": [0, 0, 8, 1], "rotation": 270, "texture": "#2"}
			}
		},
		{
			"from": [-4, 18, -15],
			"to": [22, 19, -7],
			"rotation": {"angle": 0, "axis": "y", "origin": [0, 18, -15]},
			"faces": {
				"north": {"uv": [0, 0, 16, 1], "texture": "#2"},
				"east": {"uv": [0, 0, 8, 1], "texture": "#2"},
				"south": {"uv": [0, 0, 16, 1], "texture": "#2"},
				"west": {"uv": [0, 0, 8, 1], "texture": "#2"},
				"up": {"uv": [0, 0, 16, 8], "texture": "#2"},
				"down": {"uv": [0, 0, 16, 8], "texture": "#2"}
			}
		},
		{
			"from": [-16, 26, 5],
			"to": [32, 27, 21],
			"rotation": {"angle": 0, "axis": "y", "origin": [0, 26, 5]},
			"faces": {
				"north": {"uv": [0, 0, 16, 1], "texture": "#2"},
				"east": {"uv": [0, 0, 16, 1], "texture": "#2"},
				"south": {"uv": [0, 0, 16, 1], "texture": "#2"},
				"west": {"uv": [0, 0, 16, 1], "texture": "#2"},
				"up": {"uv": [0, 0, 16, 16], "texture": "#2"},
				"down": {"uv": [0, 0, 16, 16], "texture": "#2"}
			}
		},
		{
			"from": [0, 6, 5],
			"to": [1, 20, 21],
			"rotation": {"angle": 0, "axis": "z", "origin": [1, 5, 5]},
			"faces": {
				"north": {"uv": [0, 0, 14, 1], "rotation": 90, "texture": "#2"},
				"east": {"uv": [0, 0, 14, 16], "rotation": 270, "texture": "#2"},
				"south": {"uv": [0, 0, 14, 1], "rotation": 270, "texture": "#2"},
				"west": {"uv": [0, 0, 14, 16], "rotation": 270, "texture": "#2"},
				"up": {"uv": [0, 0, 16, 1], "rotation": 270, "texture": "#2"},
				"down": {"uv": [0, 0, 16, 1], "rotation": 270, "texture": "#2"}
			}
		},
		{
			"from": [15, 6, 5],
			"to": [16, 20, 21],
			"rotation": {"angle": 0, "axis": "y", "origin": [16, 5, 5]},
			"faces": {
				"north": {"uv": [0, 0, 14, 1], "rotation": 90, "texture": "#2"},
				"east": {"uv": [0, 0, 14, 16], "rotation": 270, "texture": "#2"},
				"south": {"uv": [0, 0, 14, 1], "rotation": 270, "texture": "#2"},
				"west": {"uv": [0, 0, 14, 16], "rotation": 270, "texture": "#2"},
				"up": {"uv": [0, 0, 16, 1], "rotation": 270, "texture": "#2"},
				"down": {"uv": [0, 0, 16, 1], "rotation": 270, "texture": "#2"}
			}
		},
		{
			"from": [0, 5, 21],
			"to": [16, 20, 30],
			"rotation": {"angle": 0, "axis": "y", "origin": [0, 5, 21]},
			"faces": {
				"north": {"uv": [0, 0, 16, 15], "texture": "#2"},
				"east": {"uv": [0, 0, 9, 15], "texture": "#2"},
				"south": {"uv": [0, 0, 16, 15], "texture": "#2"},
				"west": {"uv": [0, 0, 9, 15], "texture": "#2"},
				"up": {"uv": [0, 0, 16, 9], "texture": "#2"},
				"down": {"uv": [0, 0, 16, 9], "texture": "#2"}
			}
		},
		{
			"from": [0, 5, -4],
			"to": [16, 20, 5],
			"rotation": {"angle": 0, "axis": "y", "origin": [0, 5, -4]},
			"faces": {
				"north": {"uv": [0, 0, 16, 15], "texture": "#2"},
				"east": {"uv": [0, 0, 9, 15], "texture": "#2"},
				"south": {"uv": [0, 0, 16, 15], "texture": "#2"},
				"west": {"uv": [0, 0, 9, 15], "texture": "#2"},
				"up": {"uv": [0, 0, 16, 9], "texture": "#2"},
				"down": {"uv": [0, 0, 16, 9], "texture": "#2"}
			}
		},
		{
			"from": [0, 13, -16],
			"to": [16, 20, 5],
			"rotation": {"angle": 0, "axis": "y", "origin": [0, 5, -4]},
			"faces": {
				"north": {"uv": [0, 0, 16, 7], "texture": "#2"},
				"east": {"uv": [0, 0, 16, 7], "texture": "#2"},
				"south": {"uv": [0, 0, 16, 7], "texture": "#2"},
				"west": {"uv": [0, 0, 16, 7], "texture": "#2"},
				"up": {"uv": [0, 0, 16, 16], "texture": "#2"},
				"down": {"uv": [0, 0, 16, 16], "texture": "#2"}
			}
		},
		{
			"from": [0, 8, -16],
			"to": [16, 19, -1],
			"rotation": {"angle": 15, "axis": "x", "origin": [0, 4, -11]},
			"faces": {
				"north": {"uv": [0, 0, 16, 11], "texture": "#2"},
				"east": {"uv": [0, 0, 15, 11], "texture": "#2"},
				"south": {"uv": [0, 0, 16, 11], "texture": "#2"},
				"west": {"uv": [0, 0, 15, 11], "texture": "#2"},
				"up": {"uv": [0, 0, 16, 15], "texture": "#2"},
				"down": {"uv": [0, 0, 16, 15], "texture": "#2"}
			}
		},
		{
			"from": [6.5, 12.5, 30],
			"to": [8.5, 14.5, 32],
			"rotation": {"angle": -45, "axis": "z", "origin": [6.5, 12.5, 30]},
			"faces": {
				"north": {"uv": [0, 0, 2, 2], "texture": "#2"},
				"east": {"uv": [0, 0, 2, 2], "texture": "#2"},
				"south": {"uv": [0, 0, 2, 2], "texture": "#2"},
				"west": {"uv": [0, 0, 2, 2], "texture": "#2"},
				"up": {"uv": [0, 0, 2, 2], "texture": "#2"},
				"down": {"uv": [0, 0, 2, 2], "texture": "#2"}
			}
		},
		{
			"from": [0, 4.5, 30.7],
			"to": [16, 20.5, 31.4],
			"rotation": {"angle": 0, "axis": "y", "origin": [0, 5.5, 30]},
			"faces": {
				"north": {"uv": [0, 0, 4, 4], "texture": "#3"},
				"east": {"uv": [4, 0, 4.25, 4], "texture": "#3"},
				"south": {"uv": [0, 4, 4, 8], "texture": "#3"},
				"west": {"uv": [4, 4, 4.25, 8], "texture": "#3"},
				"up": {"uv": [8.25, 0.25, 4.25, 0], "texture": "#3"},
				"down": {"uv": [8.25, 0.25, 4.25, 0.5], "texture": "#3"}
			}
		},
		{
			"from": [-11, 6, 9],
			"to": [-9, 26, 11],
			"rotation": {"angle": 0, "axis": "y", "origin": [-11, 6, 9]},
			"faces": {
				"north": {"uv": [0, 0, 2, 16], "texture": "#0"},
				"east": {"uv": [0, 0, 2, 16], "texture": "#0"},
				"south": {"uv": [0, 0, 2, 16], "texture": "#0"},
				"west": {"uv": [0, 0, 2, 16], "texture": "#0"},
				"up": {"uv": [0, 0, 2, 2], "texture": "#0"},
				"down": {"uv": [0, 0, 2, 2], "texture": "#0"}
			}
		},
		{
			"from": [-11, 6, 15],
			"to": [-9, 26, 17],
			"rotation": {"angle": 0, "axis": "y", "origin": [-11, 6, 15]},
			"faces": {
				"north": {"uv": [0, 0, 2, 16], "texture": "#0"},
				"east": {"uv": [0, 0, 2, 16], "texture": "#0"},
				"south": {"uv": [0, 0, 2, 16], "texture": "#0"},
				"west": {"uv": [0, 0, 2, 16], "texture": "#0"},
				"up": {"uv": [0, 0, 2, 2], "texture": "#0"},
				"down": {"uv": [0, 0, 2, 2], "texture": "#0"}
			}
		},
		{
			"from": [25, 6, 15],
			"to": [27, 26, 17],
			"rotation": {"angle": 0, "axis": "y", "origin": [25, 6, 15]},
			"faces": {
				"north": {"uv": [0, 0, 2, 16], "texture": "#0"},
				"east": {"uv": [0, 0, 2, 16], "texture": "#0"},
				"south": {"uv": [0, 0, 2, 16], "texture": "#0"},
				"west": {"uv": [0, 0, 2, 16], "texture": "#0"},
				"up": {"uv": [0, 0, 2, 2], "texture": "#0"},
				"down": {"uv": [0, 0, 2, 2], "texture": "#0"}
			}
		},
		{
			"from": [25, 6, 9],
			"to": [27, 26, 11],
			"rotation": {"angle": 0, "axis": "y", "origin": [25, 6, 9]},
			"faces": {
				"north": {"uv": [0, 0, 2, 16], "texture": "#0"},
				"east": {"uv": [0, 0, 2, 16], "texture": "#0"},
				"south": {"uv": [0, 0, 2, 16], "texture": "#0"},
				"west": {"uv": [0, 0, 2, 16], "texture": "#0"},
				"up": {"uv": [0, 0, 2, 2], "texture": "#0"},
				"down": {"uv": [0, 0, 2, 2], "texture": "#0"}
			}
		},
		{
			"from": [1, 0, 17],
			"to": [2, 4, 21],
			"rotation": {"angle": 0, "axis": "y", "origin": [0, 0, 19]},
			"faces": {
				"north": {"uv": [0, 0, 1, 4], "texture": "#1"},
				"east": {"uv": [0, 0, 4, 4], "texture": "#1"},
				"south": {"uv": [0, 0, 1, 4], "texture": "#1"},
				"west": {"uv": [0, 0, 4, 4], "texture": "#1"},
				"up": {"uv": [0, 0, 1, 4], "texture": "#1"},
				"down": {"uv": [0, 0, 1, 4], "texture": "#1"}
			}
		},
		{
			"from": [15, 0, 17],
			"to": [16, 4, 21],
			"rotation": {"angle": 0, "axis": "y", "origin": [14, 0, 19]},
			"faces": {
				"north": {"uv": [0, 0, 1, 4], "texture": "#1"},
				"east": {"uv": [0, 0, 4, 4], "texture": "#1"},
				"south": {"uv": [0, 0, 1, 4], "texture": "#1"},
				"west": {"uv": [0, 0, 4, 4], "texture": "#1"},
				"up": {"uv": [0, 0, 1, 4], "texture": "#1"},
				"down": {"uv": [0, 0, 1, 4], "texture": "#1"}
			}
		},
		{
			"from": [15, 2, 14],
			"to": [16, 4, 18],
			"rotation": {"angle": 45, "axis": "x", "origin": [14, 3, 18]},
			"faces": {
				"north": {"uv": [0, 0, 1, 2], "rotation": 180, "texture": "#0"},
				"east": {"uv": [0, 0, 2, 4], "rotation": 90, "texture": "#0"},
				"south": {"uv": [0, 0, 1, 2], "texture": "#0"},
				"west": {"uv": [0, 0, 2, 4], "rotation": 270, "texture": "#0"},
				"up": {"uv": [0, 0, 0.25, 1], "texture": "#missing"},
				"down": {"uv": [0, 0, 1, 4], "rotation": 180, "texture": "#0"}
			}
		},
		{
			"from": [1, 2, 14],
			"to": [2, 4, 18],
			"rotation": {"angle": 45, "axis": "x", "origin": [0, 3, 18]},
			"faces": {
				"north": {"uv": [0, 0, 1, 2], "rotation": 180, "texture": "#0"},
				"east": {"uv": [0, 0, 2, 4], "rotation": 90, "texture": "#0"},
				"south": {"uv": [0, 0, 1, 2], "texture": "#0"},
				"west": {"uv": [0, 0, 2, 4], "rotation": 270, "texture": "#0"},
				"up": {"uv": [0, 0, 0.25, 1], "texture": "#missing"},
				"down": {"uv": [0, 0, 1, 4], "rotation": 180, "texture": "#0"}
			}
		}
	],
	"display": {
		"thirdperson_righthand": {
			"rotation": [0, -180, 0],
			"scale": [0.1, 0.1, 0.1]
		},
		"thirdperson_lefthand": {
			"rotation": [0, -180, 0],
			"scale": [0.1, 0.1, 0.1]
		},
		"firstperson_righthand": {
			"rotation": [0, -180, 0],
			"scale": [0.3, 0.3, 0.3]
		},
		"firstperson_lefthand": {
			"rotation": [0, -180, 0],
			"scale": [0.3, 0.3, 0.3]
		},
		"ground": {
			"translation": [0, 1.5, 0],
			"scale": [0.3, 0.3, 0.3]
		},
		"gui": {
			"rotation": [45, -45, 0],
			"translation": [0.25, -1.5, 0],
			"scale": [0.3, 0.3, 0.3]
		},
		"head": {
			"rotation": [0, 180, 0],
			"translation": [0, -30.75, 8],
			"scale": [1.75, 1.75, 1.75]
		},
		"fixed": {
			"rotation": [-90, 90, 0],
			"scale": [0.3, 0.3, 0.3]
		}
	}
}