{
	"format_version": "1.21.6",
	"credit": "Made with Blockbench",
	"texture_size": [64, 64],
	"textures": {
		"0": "item/ship",
		"particle": "item/ship"
	},
	"elements": [
		{
			"from": [0, 0, 6],
			"to": [16, 2, 10],
			"rotation": {"angle": 0, "axis": "y", "origin": [0, 0, 7]},
			"faces": {
				"north": {"uv": [4.25, 2.25, 8.25, 2.75], "texture": "#0"},
				"east": {"uv": [5, 6.5, 6, 7], "texture": "#0"},
				"south": {"uv": [4.25, 2.75, 8.25, 3.25], "texture": "#0"},
				"west": {"uv": [6, 6.5, 7, 7], "texture": "#0"},
				"up": {"uv": [4, 1, 0, 0], "texture": "#0"},
				"down": {"uv": [4, 1, 0, 2], "texture": "#0"}
			}
		},
		{
			"from": [0, -0.9, 7.9],
			"to": [16, 1.1, 9.9],
			"rotation": {"angle": -45, "axis": "x", "origin": [0, 2.1, 7.9]},
			"faces": {
				"north": {"uv": [4.25, 3.25, 8.25, 3.75], "texture": "#0"},
				"east": {"uv": [4.5, 9.75, 5, 10.25], "texture": "#0"},
				"south": {"uv": [4.25, 3.75, 8.25, 4.25], "texture": "#0"},
				"west": {"uv": [9.75, 4.75, 10.25, 5.25], "texture": "#0"},
				"up": {"uv": [8.25, 4.75, 4.25, 4.25], "texture": "#0"},
				"down": {"uv": [4, 4.75, 0, 5.25], "texture": "#0"}
			}
		},
		{
			"from": [0, -0.9, 3.9],
			"to": [16, 1.1, 5.9],
			"rotation": {"angle": -45, "axis": "x", "origin": [0, 2.1, 3.9]},
			"faces": {
				"north": {"uv": [4, 4.75, 8, 5.25], "texture": "#0"},
				"east": {"uv": [5, 9.75, 5.5, 10.25], "texture": "#0"},
				"south": {"uv": [0, 5.25, 4, 5.75], "texture": "#0"},
				"west": {"uv": [9.75, 5.25, 10.25, 5.75], "texture": "#0"},
				"up": {"uv": [8, 5.75, 4, 5.25], "texture": "#0"},
				"down": {"uv": [4, 5.75, 0, 6.25], "texture": "#0"}
			}
		},
		{
			"from": [-1, 1.4, 9.4],
			"to": [16, 4.4, 11.4],
			"rotation": {"angle": 0, "axis": "y", "origin": [0, 1.4, 7.4]},
			"faces": {
				"north": {"uv": [0, 2, 4.25, 2.75], "texture": "#0"},
				"east": {"uv": [0.5, 8.25, 1, 9], "texture": "#0"},
				"south": {"uv": [0, 2.75, 4.25, 3.5], "texture": "#0"},
				"west": {"uv": [1, 8.25, 1.5, 9], "texture": "#0"},
				"up": {"uv": [8.25, 1.25, 4, 0.75], "texture": "#0"},
				"down": {"uv": [8.25, 1.25, 4, 1.75], "texture": "#0"}
			}
		},
		{
			"from": [-1, 1.4, 4.65],
			"to": [16, 4.4, 6.65],
			"rotation": {"angle": 0, "axis": "y", "origin": [0, 1.4, 2.65]},
			"faces": {
				"north": {"uv": [0, 3.5, 4.25, 4.25], "texture": "#0"},
				"east": {"uv": [1.5, 8.25, 2, 9], "texture": "#0"},
				"south": {"uv": [4, 0, 8.25, 0.75], "texture": "#0"},
				"west": {"uv": [8.25, 2.25, 8.75, 3], "texture": "#0"},
				"up": {"uv": [4.25, 4.75, 0, 4.25], "texture": "#0"},
				"down": {"uv": [8.5, 1.75, 4.25, 2.25], "texture": "#0"}
			}
		},
		{
			"from": [-3.4, 1.4, 6],
			"to": [0.6, 3.4, 10],
			"rotation": {"angle": -45, "axis": "z", "origin": [-1.4, 1.4, 7]},
			"faces": {
				"north": {"uv": [5, 7, 6, 7.5], "texture": "#0"},
				"east": {"uv": [6, 7, 7, 7.5], "texture": "#0"},
				"south": {"uv": [7, 6.5, 8, 7], "texture": "#0"},
				"west": {"uv": [7, 7, 8, 7.5], "texture": "#0"},
				"up": {"uv": [1, 7.25, 0, 6.25], "texture": "#0"},
				"down": {"uv": [2, 6.25, 1, 7.25], "texture": "#0"}
			}
		},
		{
			"from": [14.6, 1.4, 6],
			"to": [16.6, 3.4, 10],
			"rotation": {"angle": -45, "axis": "z", "origin": [14.6, 1.4, 7]},
			"faces": {
				"north": {"uv": [5.5, 9.75, 6, 10.25], "texture": "#0"},
				"east": {"uv": [0, 7.25, 1, 7.75], "texture": "#0"},
				"south": {"uv": [6.25, 9.75, 6.75, 10.25], "texture": "#0"},
				"west": {"uv": [1, 7.25, 2, 7.75], "texture": "#0"},
				"up": {"uv": [5.5, 8.5, 5, 7.5], "texture": "#0"},
				"down": {"uv": [6, 7.5, 5.5, 8.5], "texture": "#0"}
			}
		},
		{
			"from": [16, 1.4, 4.65],
			"to": [17.4, 4.4, 11.4],
			"rotation": {"angle": 0, "axis": "y", "origin": [2, 1.4, 2.65]},
			"faces": {
				"north": {"uv": [9.75, 6.5, 10, 7.25], "texture": "#0"},
				"east": {"uv": [4, 5.75, 5.75, 6.5], "texture": "#0"},
				"south": {"uv": [6.75, 9.75, 7, 10.5], "texture": "#0"},
				"west": {"uv": [5.75, 5.75, 7.5, 6.5], "texture": "#0"},
				"up": {"uv": [6.25, 9.5, 6, 7.75], "texture": "#0"},
				"down": {"uv": [6.5, 7.75, 6.25, 9.5], "texture": "#0"}
			}
		},
		{
			"from": [-10, 3, 7.5],
			"to": [-2, 4, 8.5],
			"rotation": {"angle": -12.5, "axis": "z", "origin": [-4, 2, 6.5]},
			"faces": {
				"north": {"uv": [7.5, 5.75, 9.5, 6], "texture": "#0"},
				"east": {"uv": [4, 1.75, 4.25, 2], "texture": "#0"},
				"south": {"uv": [6, 7.5, 8, 7.75], "texture": "#0"},
				"west": {"uv": [6.25, 9.5, 6.5, 9.75], "texture": "#0"},
				"up": {"uv": [9.5, 6.25, 7.5, 6], "texture": "#0"},
				"down": {"uv": [9.5, 6.25, 7.5, 6.5], "texture": "#0"}
			}
		},
		{
			"from": [-9.5, 2.25, 7],
			"to": [-9.5, 4.25, 9],
			"rotation": {"angle": 10, "axis": "z", "origin": [-9, 2.25, 7]},
			"faces": {
				"north": {"uv": [0, 0, 0, 0.5], "texture": "#0"},
				"east": {"uv": [5, 8.5, 5.5, 9], "texture": "#0"},
				"south": {"uv": [0, 0, 0, 0.5], "texture": "#0"},
				"west": {"uv": [9.75, 4.25, 10.25, 4.75], "texture": "#0"},
				"up": {"uv": [0, 0.5, 0, 0], "texture": "#0"},
				"down": {"uv": [0, 0, 0, 0.5], "texture": "#0"}
			}
		},
		{
			"from": [2, 2, 7.5],
			"to": [3, 15, 8.5],
			"rotation": {"angle": 0, "axis": "y", "origin": [1, 2, 6.5]},
			"faces": {
				"north": {"uv": [3, 6.25, 3.25, 9.5], "texture": "#0"},
				"east": {"uv": [3.25, 6.25, 3.5, 9.5], "texture": "#0"},
				"south": {"uv": [3.5, 6.25, 3.75, 9.5], "texture": "#0"},
				"west": {"uv": [3.75, 6.25, 4, 9.5], "texture": "#0"},
				"up": {"uv": [7.25, 10, 7, 9.75], "texture": "#0"},
				"down": {"uv": [7.5, 9.75, 7.25, 10], "texture": "#0"}
			}
		},
		{
			"from": [7, 2, 7.5],
			"to": [8, 16, 8.5],
			"rotation": {"angle": 0, "axis": "y", "origin": [6, 2, 6.5]},
			"faces": {
				"north": {"uv": [2, 6.25, 2.25, 9.75], "texture": "#0"},
				"east": {"uv": [2.25, 6.25, 2.5, 9.75], "texture": "#0"},
				"south": {"uv": [2.5, 6.25, 2.75, 9.75], "texture": "#0"},
				"west": {"uv": [2.75, 6.25, 3, 9.75], "texture": "#0"},
				"up": {"uv": [10, 7.5, 9.75, 7.25], "texture": "#0"},
				"down": {"uv": [7.75, 9.75, 7.5, 10], "texture": "#0"}
			}
		},
		{
			"from": [15, 2, 7.5],
			"to": [16, 12, 8.5],
			"rotation": {"angle": 0, "axis": "y", "origin": [14, 2, 6.5]},
			"faces": {
				"north": {"uv": [4, 6.5, 4.25, 9], "texture": "#0"},
				"east": {"uv": [4.25, 6.5, 4.5, 9], "texture": "#0"},
				"south": {"uv": [4.5, 6.5, 4.75, 9], "texture": "#0"},
				"west": {"uv": [4.75, 6.5, 5, 9], "texture": "#0"},
				"up": {"uv": [10, 7.75, 9.75, 7.5], "texture": "#0"},
				"down": {"uv": [8, 9.75, 7.75, 10], "texture": "#0"}
			}
		},
		{
			"from": [1.75, 7, 4.5],
			"to": [2.75, 8, 11.5],
			"rotation": {"angle": 0, "axis": "y", "origin": [1.75, 7, 9.5]},
			"faces": {
				"north": {"uv": [9.75, 7.75, 10, 8], "texture": "#0"},
				"east": {"uv": [6.5, 7.75, 8.25, 8], "texture": "#0"},
				"south": {"uv": [8, 9.75, 8.25, 10], "texture": "#0"},
				"west": {"uv": [8, 4.75, 9.75, 5], "texture": "#0"},
				"up": {"uv": [6.75, 9.75, 6.5, 8], "texture": "#0"},
				"down": {"uv": [7, 8, 6.75, 9.75], "texture": "#0"}
			}
		},
		{
			"from": [1.75, 11, 4.5],
			"to": [2.75, 12, 11.5],
			"rotation": {"angle": 0, "axis": "y", "origin": [1.75, 11, 9.5]},
			"faces": {
				"north": {"uv": [9.75, 8, 10, 8.25], "texture": "#0"},
				"east": {"uv": [8, 5, 9.75, 5.25], "texture": "#0"},
				"south": {"uv": [8.25, 9.75, 8.5, 10], "texture": "#0"},
				"west": {"uv": [8, 5.25, 9.75, 5.5], "texture": "#0"},
				"up": {"uv": [7.25, 9.75, 7, 8], "texture": "#0"},
				"down": {"uv": [7.5, 8, 7.25, 9.75], "texture": "#0"}
			}
		},
		{
			"from": [1.75, 14, 5.5],
			"to": [2.75, 15, 10.5],
			"rotation": {"angle": 0, "axis": "y", "origin": [1.75, 14, 9.5]},
			"faces": {
				"north": {"uv": [9.75, 8.25, 10, 8.5], "texture": "#0"},
				"east": {"uv": [0.5, 9.5, 1.75, 9.75], "texture": "#0"},
				"south": {"uv": [8.5, 9.75, 8.75, 10], "texture": "#0"},
				"west": {"uv": [3, 9.5, 4.25, 9.75], "texture": "#0"},
				"up": {"uv": [5.75, 9.75, 5.5, 8.5], "texture": "#0"},
				"down": {"uv": [6, 8.5, 5.75, 9.75], "texture": "#0"}
			}
		},
		{
			"from": [6.75, 7, 4.5],
			"to": [7.75, 8, 11.5],
			"rotation": {"angle": 0, "axis": "y", "origin": [6.75, 7, 9.5]},
			"faces": {
				"north": {"uv": [9.75, 8.5, 10, 8.75], "texture": "#0"},
				"east": {"uv": [8, 5.5, 9.75, 5.75], "texture": "#0"},
				"south": {"uv": [8.75, 9.75, 9, 10], "texture": "#0"},
				"west": {"uv": [8, 6.5, 9.75, 6.75], "texture": "#0"},
				"up": {"uv": [7.75, 9.75, 7.5, 8], "texture": "#0"},
				"down": {"uv": [8, 8, 7.75, 9.75], "texture": "#0"}
			}
		},
		{
			"from": [6.75, 11, 4.5],
			"to": [7.75, 12, 11.5],
			"rotation": {"angle": 0, "axis": "y", "origin": [6.75, 11, 9.5]},
			"faces": {
				"north": {"uv": [9.75, 8.75, 10, 9], "texture": "#0"},
				"east": {"uv": [8, 6.75, 9.75, 7], "texture": "#0"},
				"south": {"uv": [9, 9.75, 9.25, 10], "texture": "#0"},
				"west": {"uv": [8, 7, 9.75, 7.25], "texture": "#0"},
				"up": {"uv": [8.25, 9.75, 8, 8], "texture": "#0"},
				"down": {"uv": [0.25, 8.25, 0, 10], "texture": "#0"}
			}
		},
		{
			"from": [6.75, 14, 5.5],
			"to": [7.75, 15, 10.5],
			"rotation": {"angle": 0, "axis": "y", "origin": [6.75, 14, 9.5]},
			"faces": {
				"north": {"uv": [9.75, 9, 10, 9.25], "texture": "#0"},
				"east": {"uv": [4.25, 9.5, 5.5, 9.75], "texture": "#0"},
				"south": {"uv": [9.25, 9.75, 9.5, 10], "texture": "#0"},
				"west": {"uv": [9.5, 5.75, 10.75, 6], "texture": "#0"},
				"up": {"uv": [2, 10.75, 1.75, 9.5], "texture": "#0"},
				"down": {"uv": [6.25, 9.5, 6, 10.75], "texture": "#0"}
			}
		},
		{
			"from": [12, 5, 8],
			"to": [16, 7, 8],
			"rotation": {"angle": 0, "axis": "y", "origin": [12, 5, 6]},
			"faces": {
				"north": {"uv": [0, 7.75, 1, 8.25], "texture": "#0"},
				"east": {"uv": [0, 0, 0, 0.5], "texture": "#0"},
				"south": {"uv": [1, 7.75, 2, 8.25], "texture": "#0"},
				"west": {"uv": [0, 0, 0, 0.5], "texture": "#0"},
				"up": {"uv": [1, 0, 0, 0], "texture": "#0"},
				"down": {"uv": [1, 0, 0, 0], "texture": "#0"}
			}
		},
		{
			"from": [14.75, 10, 4.5],
			"to": [15.75, 11, 11.5],
			"rotation": {"angle": 0, "axis": "y", "origin": [14.75, 10, 9.5]},
			"faces": {
				"north": {"uv": [9.75, 9.25, 10, 9.5], "texture": "#0"},
				"east": {"uv": [8, 7.25, 9.75, 7.5], "texture": "#0"},
				"south": {"uv": [9.5, 9.75, 9.75, 10], "texture": "#0"},
				"west": {"uv": [8, 7.5, 9.75, 7.75], "texture": "#0"},
				"up": {"uv": [8.5, 1.75, 8.25, 0], "texture": "#0"},
				"down": {"uv": [0.5, 8.25, 0.25, 10], "texture": "#0"}
			}
		},
		{
			"from": [14.25, 9, 5],
			"to": [14.25, 10, 11],
			"rotation": {"angle": -15, "axis": "z", "origin": [14.75, 10, 8]},
			"faces": {
				"north": {"uv": [0, 0, 0, 0.25], "texture": "#0"},
				"east": {"uv": [8.25, 3, 9.75, 3.25], "texture": "#0"},
				"south": {"uv": [0, 0, 0, 0.25], "texture": "#0"},
				"west": {"uv": [8.25, 3.25, 9.75, 3.5], "texture": "#0"},
				"up": {"uv": [0, 1.5, 0, 0], "texture": "#0"},
				"down": {"uv": [0, 0, 0, 1.5], "texture": "#0"}
			}
		},
		{
			"from": [14.25, 7, 5],
			"to": [14.25, 8, 11],
			"rotation": {"angle": 15, "axis": "z", "origin": [14.75, 7, 8]},
			"faces": {
				"north": {"uv": [0, 0, 0, 0.25], "texture": "#0"},
				"east": {"uv": [8.25, 3.5, 9.75, 3.75], "texture": "#0"},
				"south": {"uv": [0, 0, 0, 0.25], "texture": "#0"},
				"west": {"uv": [8.25, 3.75, 9.75, 4], "texture": "#0"},
				"up": {"uv": [0, 1.5, 0, 0], "texture": "#0"},
				"down": {"uv": [0, 0, 0, 1.5], "texture": "#0"}
			}
		},
		{
			"from": [14, 8, 5],
			"to": [14, 9, 11],
			"rotation": {"angle": 0, "axis": "z", "origin": [14.5, 8, 8]},
			"faces": {
				"north": {"uv": [0, 0, 0, 0.25], "texture": "#0"},
				"east": {"uv": [8.25, 4, 9.75, 4.25], "texture": "#0"},
				"south": {"uv": [0, 0, 0, 0.25], "texture": "#0"},
				"west": {"uv": [8.25, 4.25, 9.75, 4.5], "texture": "#0"},
				"up": {"uv": [0, 1.5, 0, 0], "texture": "#0"},
				"down": {"uv": [0, 0, 0, 1.5], "texture": "#0"}
			}
		},
		{
			"from": [6.25, 7, 5],
			"to": [6.25, 8, 11],
			"rotation": {"angle": -15, "axis": "z", "origin": [6.75, 8, 8]},
			"faces": {
				"north": {"uv": [0, 0, 0, 0.25], "texture": "#0"},
				"east": {"uv": [8.25, 4.5, 9.75, 4.75], "texture": "#0"},
				"south": {"uv": [0, 0, 0, 0.25], "texture": "#0"},
				"west": {"uv": [8.25, 7.75, 9.75, 8], "texture": "#0"},
				"up": {"uv": [0, 1.5, 0, 0], "texture": "#0"},
				"down": {"uv": [0, 0, 0, 1.5], "texture": "#0"}
			}
		},
		{
			"from": [6.25, 5, 5],
			"to": [6.25, 6, 11],
			"rotation": {"angle": 15, "axis": "z", "origin": [6.75, 5, 8]},
			"faces": {
				"north": {"uv": [0, 0, 0, 0.25], "texture": "#0"},
				"east": {"uv": [8.25, 8, 9.75, 8.25], "texture": "#0"},
				"south": {"uv": [0, 0, 0, 0.25], "texture": "#0"},
				"west": {"uv": [8.25, 8.25, 9.75, 8.5], "texture": "#0"},
				"up": {"uv": [0, 1.5, 0, 0], "texture": "#0"},
				"down": {"uv": [0, 0, 0, 1.5], "texture": "#0"}
			}
		},
		{
			"from": [6, 6, 5],
			"to": [6, 7, 11],
			"rotation": {"angle": 0, "axis": "z", "origin": [6.5, 6, 8]},
			"faces": {
				"north": {"uv": [0, 0, 0, 0.25], "texture": "#0"},
				"east": {"uv": [8.5, 0, 10, 0.25], "texture": "#0"},
				"south": {"uv": [0, 0, 0, 0.25], "texture": "#0"},
				"west": {"uv": [8.5, 0.25, 10, 0.5], "texture": "#0"},
				"up": {"uv": [0, 1.5, 0, 0], "texture": "#0"},
				"down": {"uv": [0, 0, 0, 1.5], "texture": "#0"}
			}
		},
		{
			"from": [1.25, 7, 5],
			"to": [1.25, 8, 11],
			"rotation": {"angle": -15, "axis": "z", "origin": [1.75, 8, 8]},
			"faces": {
				"north": {"uv": [0, 0, 0, 0.25], "texture": "#0"},
				"east": {"uv": [8.5, 0.5, 10, 0.75], "texture": "#0"},
				"south": {"uv": [0, 0, 0, 0.25], "texture": "#0"},
				"west": {"uv": [8.5, 0.75, 10, 1], "texture": "#0"},
				"up": {"uv": [0, 1.5, 0, 0], "texture": "#0"},
				"down": {"uv": [0, 0, 0, 1.5], "texture": "#0"}
			}
		},
		{
			"from": [1.25, 5, 5],
			"to": [1.25, 6, 11],
			"rotation": {"angle": 15, "axis": "z", "origin": [1.75, 5, 8]},
			"faces": {
				"north": {"uv": [0, 0, 0, 0.25], "texture": "#0"},
				"east": {"uv": [8.5, 1, 10, 1.25], "texture": "#0"},
				"south": {"uv": [0, 0, 0, 0.25], "texture": "#0"},
				"west": {"uv": [8.5, 1.25, 10, 1.5], "texture": "#0"},
				"up": {"uv": [0, 1.5, 0, 0], "texture": "#0"},
				"down": {"uv": [0, 0, 0, 1.5], "texture": "#0"}
			}
		},
		{
			"from": [1, 6, 5],
			"to": [1, 7, 11],
			"rotation": {"angle": 0, "axis": "z", "origin": [1.5, 6, 8]},
			"faces": {
				"north": {"uv": [0, 0, 0, 0.25], "texture": "#0"},
				"east": {"uv": [8.5, 1.5, 10, 1.75], "texture": "#0"},
				"south": {"uv": [0, 0, 0, 0.25], "texture": "#0"},
				"west": {"uv": [8.5, 1.75, 10, 2], "texture": "#0"},
				"up": {"uv": [0, 1.5, 0, 0], "texture": "#0"},
				"down": {"uv": [0, 0, 0, 1.5], "texture": "#0"}
			}
		},
		{
			"from": [1.25, 11, 5],
			"to": [1.25, 12, 11],
			"rotation": {"angle": -15, "axis": "z", "origin": [1.75, 12, 8]},
			"faces": {
				"north": {"uv": [0, 0, 0, 0.25], "texture": "#0"},
				"east": {"uv": [8.5, 2, 10, 2.25], "texture": "#0"},
				"south": {"uv": [0, 0, 0, 0.25], "texture": "#0"},
				"west": {"uv": [8.25, 8.5, 9.75, 8.75], "texture": "#0"},
				"up": {"uv": [0, 1.5, 0, 0], "texture": "#0"},
				"down": {"uv": [0, 0, 0, 1.5], "texture": "#0"}
			}
		},
		{
			"from": [1.25, 9, 5],
			"to": [1.25, 10, 11],
			"rotation": {"angle": 15, "axis": "z", "origin": [1.75, 9, 8]},
			"faces": {
				"north": {"uv": [0, 0, 0, 0.25], "texture": "#0"},
				"east": {"uv": [8.75, 2.25, 10.25, 2.5], "texture": "#0"},
				"south": {"uv": [0, 0, 0, 0.25], "texture": "#0"},
				"west": {"uv": [8.75, 2.5, 10.25, 2.75], "texture": "#0"},
				"up": {"uv": [0, 1.5, 0, 0], "texture": "#0"},
				"down": {"uv": [0, 0, 0, 1.5], "texture": "#0"}
			}
		},
		{
			"from": [1, 10, 5],
			"to": [1, 11, 11],
			"rotation": {"angle": 0, "axis": "z", "origin": [1.5, 10, 8]},
			"faces": {
				"north": {"uv": [0, 0, 0, 0.25], "texture": "#0"},
				"east": {"uv": [8.75, 2.75, 10.25, 3], "texture": "#0"},
				"south": {"uv": [0, 0, 0, 0.25], "texture": "#0"},
				"west": {"uv": [8.25, 8.75, 9.75, 9], "texture": "#0"},
				"up": {"uv": [0, 1.5, 0, 0], "texture": "#0"},
				"down": {"uv": [0, 0, 0, 1.5], "texture": "#0"}
			}
		},
		{
			"from": [6.25, 11, 5],
			"to": [6.25, 12, 11],
			"rotation": {"angle": -15, "axis": "z", "origin": [6.75, 12, 8]},
			"faces": {
				"north": {"uv": [0, 0, 0, 0.25], "texture": "#0"},
				"east": {"uv": [0.5, 9, 2, 9.25], "texture": "#0"},
				"south": {"uv": [0, 0, 0, 0.25], "texture": "#0"},
				"west": {"uv": [4, 9, 5.5, 9.25], "texture": "#0"},
				"up": {"uv": [0, 1.5, 0, 0], "texture": "#0"},
				"down": {"uv": [0, 0, 0, 1.5], "texture": "#0"}
			}
		},
		{
			"from": [6.25, 9, 5],
			"to": [6.25, 10, 11],
			"rotation": {"angle": 15, "axis": "z", "origin": [6.75, 9, 8]},
			"faces": {
				"north": {"uv": [0, 0, 0, 0.25], "texture": "#0"},
				"east": {"uv": [8.25, 9, 9.75, 9.25], "texture": "#0"},
				"south": {"uv": [0, 0, 0, 0.25], "texture": "#0"},
				"west": {"uv": [0.5, 9.25, 2, 9.5], "texture": "#0"},
				"up": {"uv": [0, 1.5, 0, 0], "texture": "#0"},
				"down": {"uv": [0, 0, 0, 1.5], "texture": "#0"}
			}
		},
		{
			"from": [6, 10, 5],
			"to": [6, 11, 11],
			"rotation": {"angle": 0, "axis": "z", "origin": [6.5, 10, 8]},
			"faces": {
				"north": {"uv": [0, 0, 0, 0.25], "texture": "#0"},
				"east": {"uv": [4, 9.25, 5.5, 9.5], "texture": "#0"},
				"south": {"uv": [0, 0, 0, 0.25], "texture": "#0"},
				"west": {"uv": [8.25, 9.25, 9.75, 9.5], "texture": "#0"},
				"up": {"uv": [0, 1.5, 0, 0], "texture": "#0"},
				"down": {"uv": [0, 0, 0, 1.5], "texture": "#0"}
			}
		},
		{
			"from": [6.25, 14.25, 5.5],
			"to": [6.25, 15, 10.5],
			"rotation": {"angle": -15, "axis": "z", "origin": [6.75, 15, 8]},
			"faces": {
				"north": {"uv": [0, 0, 0, 0.25], "texture": "#0"},
				"east": {"uv": [9.5, 6, 10.75, 6.25], "texture": "#0"},
				"south": {"uv": [0, 0, 0, 0.25], "texture": "#0"},
				"west": {"uv": [9.5, 6.25, 10.75, 6.5], "texture": "#0"},
				"up": {"uv": [0, 1.25, 0, 0], "texture": "#0"},
				"down": {"uv": [0, 0, 0, 1.25], "texture": "#0"}
			}
		},
		{
			"from": [6.25, 12.75, 5.5],
			"to": [6.25, 13.5, 10.5],
			"rotation": {"angle": 15, "axis": "z", "origin": [6.75, 12.5, 8]},
			"faces": {
				"north": {"uv": [0, 0, 0, 0.25], "texture": "#0"},
				"east": {"uv": [8.25, 9.5, 9.5, 9.75], "texture": "#0"},
				"south": {"uv": [0, 0, 0, 0.25], "texture": "#0"},
				"west": {"uv": [9.5, 9.5, 10.75, 9.75], "texture": "#0"},
				"up": {"uv": [0, 1.25, 0, 0], "texture": "#0"},
				"down": {"uv": [0, 0, 0, 1.25], "texture": "#0"}
			}
		},
		{
			"from": [6, 13.5, 5.5],
			"to": [6, 14.25, 10.5],
			"rotation": {"angle": 0, "axis": "z", "origin": [6.5, 13.25, 8]},
			"faces": {
				"north": {"uv": [0, 0, 0, 0.25], "texture": "#0"},
				"east": {"uv": [0.5, 9.75, 1.75, 10], "texture": "#0"},
				"south": {"uv": [0, 0, 0, 0.25], "texture": "#0"},
				"west": {"uv": [2, 9.75, 3.25, 10], "texture": "#0"},
				"up": {"uv": [0, 1.25, 0, 0], "texture": "#0"},
				"down": {"uv": [0, 0, 0, 1.25], "texture": "#0"}
			}
		},
		{
			"from": [1.25, 14.25, 5.5],
			"to": [1.25, 15, 10.5],
			"rotation": {"angle": -15, "axis": "z", "origin": [1.75, 15, 8]},
			"faces": {
				"north": {"uv": [0, 0, 0, 0.25], "texture": "#0"},
				"east": {"uv": [9.75, 3, 11, 3.25], "texture": "#0"},
				"south": {"uv": [0, 0, 0, 0.25], "texture": "#0"},
				"west": {"uv": [3.25, 9.75, 4.5, 10], "texture": "#0"},
				"up": {"uv": [0, 1.25, 0, 0], "texture": "#0"},
				"down": {"uv": [0, 0, 0, 1.25], "texture": "#0"}
			}
		},
		{
			"from": [1, 13.5, 5.5],
			"to": [1, 14.25, 10.5],
			"rotation": {"angle": 0, "axis": "z", "origin": [1.5, 13.25, 8]},
			"faces": {
				"north": {"uv": [0, 0, 0, 0.25], "texture": "#0"},
				"east": {"uv": [9.75, 3.25, 11, 3.5], "texture": "#0"},
				"south": {"uv": [0, 0, 0, 0.25], "texture": "#0"},
				"west": {"uv": [9.75, 3.5, 11, 3.75], "texture": "#0"},
				"up": {"uv": [0, 1.25, 0, 0], "texture": "#0"},
				"down": {"uv": [0, 0, 0, 1.25], "texture": "#0"}
			}
		},
		{
			"from": [1.25, 12.75, 5.5],
			"to": [1.25, 13.5, 10.5],
			"rotation": {"angle": 15, "axis": "z", "origin": [1.75, 12.5, 8]},
			"faces": {
				"north": {"uv": [0, 0, 0, 0.25], "texture": "#0"},
				"east": {"uv": [9.75, 3.75, 11, 4], "texture": "#0"},
				"south": {"uv": [0, 0, 0, 0.25], "texture": "#0"},
				"west": {"uv": [9.75, 4, 11, 4.25], "texture": "#0"},
				"up": {"uv": [0, 1.25, 0, 0], "texture": "#0"},
				"down": {"uv": [0, 0, 0, 1.25], "texture": "#0"}
			}
		}
	],
	"display": {
		"thirdperson_righthand": {
			"translation": [0, 2, 0],
			"scale": [0.25, 0.25, 0.25]
		},
		"thirdperson_lefthand": {
			"rotation": [0, 180, 0],
			"translation": [0, 2, 0],
			"scale": [0.25, 0.25, 0.25]
		},
		"firstperson_righthand": {
			"translation": [-2, 5.25, 4.25],
			"scale": [0.25, 0.25, 0.25]
		},
		"firstperson_lefthand": {
			"rotation": [0, 180, 0],
			"translation": [-2, 5.25, 4.25],
			"scale": [0.25, 0.25, 0.25]
		},
		"ground": {
			"translation": [0, 4.5, 0]
		},
		"gui": {
			"rotation": [45, 45, 0],
			"translation": [1.25, 1.75, 0],
			"scale": [0.75, 0.75, 0.75]
		},
		"head": {
			"rotation": [0, -90, 0],
			"translation": [0, -14.25, 0],
			"scale": [4, 4, 4]
		}
	},
	"groups": [
		{
			"name": "group",
			"origin": [0, 0, 7],
			"color": 0,
			"children": [0, 1, 2, 3, 4, 5, 6, 7, 8, 9, 10, 11, 12, 13, 14, 15, 16, 17, 18, 19, 20, 21, 22, 23, 24, 25, 26, 27, 28, 29, 30, 31, 32, 33, 34, 35, 36, 37, 38, 39, 40, 41]
		}
	]
}