{
	"format_version": "1.21.6",
	"credit": "Made with Blockbench",
	"texture_size": [64, 64],
	"textures": {
		"0": "item/tire",
		"particle": "item/tire"
	},
	"elements": [
		{
			"from": [-16, 0, 0],
			"to": [2, 2, 8],
			"faces": {
				"north": {"uv": [10.5, 9.75, 15, 10.25], "texture": "#0"},
				"east": {"uv": [8, 7, 10, 7.5], "texture": "#0"},
				"south": {"uv": [10.5, 10.25, 15, 10.75], "texture": "#0"},
				"west": {"uv": [8, 7.5, 10, 8], "texture": "#0"},
				"up": {"uv": [8, 2, 3.5, 0], "texture": "#0"},
				"down": {"uv": [8, 2, 3.5, 4], "texture": "#0"}
			}
		},
		{
			"from": [-16, 16, 0],
			"to": [2, 18, 8],
			"rotation": {"angle": 0, "axis": "y", "origin": [0, 16, 0]},
			"faces": {
				"north": {"uv": [10.5, 10.75, 15, 11.25], "texture": "#0"},
				"east": {"uv": [11.5, 11.25, 13.5, 11.75], "texture": "#0"},
				"south": {"uv": [7, 11.25, 11.5, 11.75], "texture": "#0"},
				"west": {"uv": [11.75, 4, 13.75, 4.5], "texture": "#0"},
				"up": {"uv": [8, 6, 3.5, 4], "texture": "#0"},
				"down": {"uv": [8, 6, 3.5, 8], "texture": "#0"}
			}
		},
		{
			"from": [0, 2, 0],
			"to": [2, 16, 8],
			"rotation": {"angle": 0, "axis": "z", "origin": [0, 4, 0]},
			"faces": {
				"north": {"uv": [3, 11.5, 3.5, 15], "texture": "#0"},
				"east": {"uv": [2, 8, 4, 11.5], "texture": "#0"},
				"south": {"uv": [3.5, 11.5, 4, 15], "texture": "#0"},
				"west": {"uv": [8, 3.5, 10, 7], "texture": "#0"},
				"up": {"uv": [5.5, 13.5, 5, 11.5], "texture": "#0"},
				"down": {"uv": [6, 11.5, 5.5, 13.5], "texture": "#0"}
			}
		},
		{
			"from": [-16, 2, 0],
			"to": [-14, 16, 8],
			"rotation": {"angle": 0, "axis": "z", "origin": [-16, 4, 0]},
			"faces": {
				"north": {"uv": [2, 11.5, 2.5, 15], "texture": "#0"},
				"east": {"uv": [0, 7, 2, 10.5], "texture": "#0"},
				"south": {"uv": [2.5, 11.5, 3, 15], "texture": "#0"},
				"west": {"uv": [8, 0, 10, 3.5], "texture": "#0"},
				"up": {"uv": [4.5, 13.5, 4, 11.5], "texture": "#0"},
				"down": {"uv": [5, 11.5, 4.5, 13.5], "texture": "#0"}
			}
		},
		{
			"from": [-14, 2, 0.5],
			"to": [0, 16, 7.5],
			"rotation": {"angle": 0, "axis": "y", "origin": [-2, 2, 3.5]},
			"faces": {
				"north": {"uv": [0, 0, 3.5, 3.5], "texture": "#0"},
				"east": {"uv": [4, 8, 5.5, 11.5], "texture": "#0"},
				"south": {"uv": [0, 3.5, 3.5, 7], "texture": "#0"},
				"west": {"uv": [5.5, 8, 7, 11.5], "texture": "#0"},
				"up": {"uv": [10.5, 9.5, 7, 8], "texture": "#0"},
				"down": {"uv": [10.5, 9.5, 7, 11], "texture": "#0"}
			}
		},
		{
			"from": [-11, 5, 0],
			"to": [-3, 13, 8],
			"rotation": {"angle": 0, "axis": "y", "origin": [-8, 5, 1.5]},
			"faces": {
				"north": {"uv": [10, 0, 12, 2], "texture": "#0"},
				"east": {"uv": [10, 4, 11.75, 6], "texture": "#0"},
				"south": {"uv": [10, 2, 12, 4], "texture": "#0"},
				"west": {"uv": [10, 6, 11.75, 8], "texture": "#0"},
				"up": {"uv": [2, 12.25, 0, 10.5], "texture": "#0"},
				"down": {"uv": [12.5, 8, 10.5, 9.75], "texture": "#0"}
			}
		}
	],
	"display": {
		"thirdperson_righthand": {
			"rotation": [0, 27, 0],
			"translation": [3.5, 0, -1.25],
			"scale": [0.25, 0.25, 0.25]
		},
		"thirdperson_lefthand": {
			"rotation": [0, 27, 0],
			"translation": [-3.5, 0, 2],
			"scale": [0.25, 0.25, 0.25]
		},
		"firstperson_righthand": {
			"rotation": [0, -90, 0],
			"translation": [8.25, 0, -1.5],
			"scale": [0.5, 0.5, 0.5]
		},
		"firstperson_lefthand": {
			"rotation": [0, 90, 0],
			"translation": [12.75, 0, -1.5],
			"scale": [0.5, 0.5, 0.5]
		},
		"ground": {
			"translation": [7.5, 4.25, 0],
			"scale": [0.5, 0.5, 0.5]
		},
		"gui": {
			"rotation": [45, -45, 0],
			"translation": [4, -5.75, 0],
			"scale": [0.5, 0.5, 0.5]
		},
		"fixed": {
			"translation": [15, -1, 4.5]
		}
	}
}