{
  "model": {
    "type": "range_dispatch",
    "property": "custom_model_data",
    "entries": [
      {
        "threshold": 1,
        "model": {
          "type": "range_dispatch",
          "property": "custom_model_data",
          "entries": [
            {
              "threshold": 2,
              "model": {
                "type": "model",
                "model": "item/dough"
              }
            }
    
          ],
            "fallback": {
              "type": "model",
              "model": "item/barley"
            }
        }
      }
    
    ],
    "fallback": {
      "type": "model",
      "model": "item/wheat"
    }
  }
}