{
	"credit": "Made with Blockbench",
	"texture_size": [64, 64],
	"textures": {
		"0": "item/carved_pumpkin/crown",
		"particle": "item/carved_pumpkin/crown"
	},
	"elements": [
		{
			"from": [0, 0, 0],
			"to": [16, 2, 16],
			"faces": {
				"north": {"uv": [10.5, 7.75, 14.5, 8.25], "texture": "#0"},
				"east": {"uv": [10.5, 8.25, 14.5, 8.75], "texture": "#0"},
				"south": {"uv": [10.5, 8.75, 14.5, 9.25], "texture": "#0"},
				"west": {"uv": [10.5, 9.25, 14.5, 9.75], "texture": "#0"},
				"up": {"uv": [4, 4, 0, 0], "texture": "#0"},
				"down": {"uv": [4, 4, 0, 8], "texture": "#0"}
			}
		},
		{
			"from": [0, 6, 0],
			"to": [16, 7, 16],
			"rotation": {"angle": 0, "axis": "y", "origin": [0, 6, 0]},
			"faces": {
				"north": {"uv": [11, 3.75, 15, 4], "texture": "#0"},
				"east": {"uv": [11, 4, 15, 4.25], "texture": "#0"},
				"south": {"uv": [11, 4.25, 15, 4.5], "texture": "#0"},
				"west": {"uv": [11, 4.5, 15, 4.75], "texture": "#0"},
				"up": {"uv": [8, 4, 4, 0], "texture": "#0"},
				"down": {"uv": [8, 4, 4, 8], "texture": "#0"}
			}
		},
		{
			"from": [0.5, 2, 0.5],
			"to": [15.5, 6, 15.5],
			"rotation": {"angle": 0, "axis": "y", "origin": [0, 2, 0]},
			"faces": {
				"north": {"uv": [6.75, 8, 10.5, 9], "texture": "#0"},
				"east": {"uv": [8, 6.75, 11.75, 7.75], "texture": "#0"},
				"south": {"uv": [6.75, 9, 10.5, 10], "texture": "#0"},
				"west": {"uv": [6.75, 10, 10.5, 11], "texture": "#0"},
				"up": {"uv": [3.75, 11.75, 0, 8], "texture": "#0"},
				"down": {"uv": [11.75, 0, 8, 3.75], "texture": "#0"}
			}
		},
		{
			"from": [2, 6, 2],
			"to": [14, 8, 14],
			"rotation": {"angle": 0, "axis": "y", "origin": [0, 6, 0]},
			"faces": {
				"north": {"uv": [10.5, 9.75, 13.5, 10.25], "texture": "#0"},
				"east": {"uv": [10.5, 10.25, 13.5, 10.75], "texture": "#0"},
				"south": {"uv": [10.5, 10.75, 13.5, 11.25], "texture": "#0"},
				"west": {"uv": [3.75, 11, 6.75, 11.5], "texture": "#0"},
				"up": {"uv": [6.75, 11, 3.75, 8], "texture": "#0"},
				"down": {"uv": [11, 3.75, 8, 6.75], "texture": "#0"}
			}
		},
		{
			"from": [7.5, 8, 7.5],
			"to": [8.5, 11, 8.5],
			"rotation": {"angle": 0, "axis": "y", "origin": [7, 8, 7]},
			"faces": {
				"north": {"uv": [3.5, 11.75, 3.75, 12.5], "texture": "#0"},
				"east": {"uv": [3.75, 12, 4, 12.75], "texture": "#0"},
				"south": {"uv": [4, 12, 4.25, 12.75], "texture": "#0"},
				"west": {"uv": [4.25, 12, 4.5, 12.75], "texture": "#0"},
				"up": {"uv": [10.5, 8, 10.25, 7.75], "texture": "#0"},
				"down": {"uv": [10.5, 11, 10.25, 11.25], "texture": "#0"}
			}
		},
		{
			"from": [7.5, 12, 7.5],
			"to": [8.5, 13, 8.5],
			"rotation": {"angle": 0, "axis": "y", "origin": [7, 12, 7]},
			"faces": {
				"north": {"uv": [12.5, 4.75, 12.75, 5], "texture": "#0"},
				"east": {"uv": [12.5, 7.5, 12.75, 7.75], "texture": "#0"},
				"south": {"uv": [12.25, 12.5, 12.5, 12.75], "texture": "#0"},
				"west": {"uv": [12.5, 12.5, 12.75, 12.75], "texture": "#0"},
				"up": {"uv": [0.25, 13, 0, 12.75], "texture": "#0"},
				"down": {"uv": [13, 0, 12.75, 0.25], "texture": "#0"}
			}
		},
		{
			"from": [6.5, 11, 7.5],
			"to": [9.5, 12, 8.5],
			"rotation": {"angle": 0, "axis": "y", "origin": [7, 7, 7]},
			"faces": {
				"north": {"uv": [8, 7.75, 8.75, 8], "texture": "#0"},
				"east": {"uv": [12.5, 2.75, 12.75, 3], "texture": "#0"},
				"south": {"uv": [8.75, 7.75, 9.5, 8], "texture": "#0"},
				"west": {"uv": [12.5, 3.5, 12.75, 3.75], "texture": "#0"},
				"up": {"uv": [10.25, 8, 9.5, 7.75], "texture": "#0"},
				"down": {"uv": [12.5, 3.5, 11.75, 3.75], "texture": "#0"}
			}
		},
		{
			"from": [0, 7, 0],
			"to": [2, 9, 1],
			"rotation": {"angle": 0, "axis": "y", "origin": [0, 7, 0]},
			"faces": {
				"north": {"uv": [10.75, 11.25, 11.25, 11.75], "texture": "#0"},
				"east": {"uv": [10, 12, 10.25, 12.5], "texture": "#0"},
				"south": {"uv": [11.25, 11.25, 11.75, 11.75], "texture": "#0"},
				"west": {"uv": [12.25, 0.25, 12.5, 0.75], "texture": "#0"},
				"up": {"uv": [1, 12.5, 0.5, 12.25], "texture": "#0"},
				"down": {"uv": [12.75, 0.75, 12.25, 1], "texture": "#0"}
			}
		},
		{
			"from": [3, 7, 0],
			"to": [5, 9, 1],
			"rotation": {"angle": 0, "axis": "y", "origin": [3, 7, 0]},
			"faces": {
				"north": {"uv": [3.75, 11.5, 4.25, 12], "texture": "#0"},
				"east": {"uv": [1, 12.25, 1.25, 12.75], "texture": "#0"},
				"south": {"uv": [4.25, 11.5, 4.75, 12], "texture": "#0"},
				"west": {"uv": [12.25, 1, 12.5, 1.5], "texture": "#0"},
				"up": {"uv": [1.75, 12.5, 1.25, 12.25], "texture": "#0"},
				"down": {"uv": [12.75, 1.5, 12.25, 1.75], "texture": "#0"}
			}
		},
		{
			"from": [6, 7, 0],
			"to": [8, 9, 1],
			"rotation": {"angle": 0, "axis": "y", "origin": [6, 7, 0]},
			"faces": {
				"north": {"uv": [4.75, 11.5, 5.25, 12], "texture": "#0"},
				"east": {"uv": [1.75, 12.25, 2, 12.75], "texture": "#0"},
				"south": {"uv": [11.5, 4.75, 12, 5.25], "texture": "#0"},
				"west": {"uv": [12.25, 1.75, 12.5, 2.25], "texture": "#0"},
				"up": {"uv": [2.5, 12.5, 2, 12.25], "texture": "#0"},
				"down": {"uv": [12.75, 2.25, 12.25, 2.5], "texture": "#0"}
			}
		},
		{
			"from": [9, 7, 0],
			"to": [11, 9, 1],
			"rotation": {"angle": 0, "axis": "y", "origin": [9, 7, 0]},
			"faces": {
				"north": {"uv": [5.25, 11.5, 5.75, 12], "texture": "#0"},
				"east": {"uv": [2.5, 12.25, 2.75, 12.75], "texture": "#0"},
				"south": {"uv": [11.5, 5.25, 12, 5.75], "texture": "#0"},
				"west": {"uv": [12.25, 2.5, 12.5, 3], "texture": "#0"},
				"up": {"uv": [3.25, 12.5, 2.75, 12.25], "texture": "#0"},
				"down": {"uv": [12.75, 3, 12.25, 3.25], "texture": "#0"}
			}
		},
		{
			"from": [12, 7, 0],
			"to": [14, 9, 1],
			"rotation": {"angle": 0, "axis": "y", "origin": [12, 7, 0]},
			"faces": {
				"north": {"uv": [5.75, 11.5, 6.25, 12], "texture": "#0"},
				"east": {"uv": [3.25, 12.25, 3.5, 12.75], "texture": "#0"},
				"south": {"uv": [11.5, 5.75, 12, 6.25], "texture": "#0"},
				"west": {"uv": [5, 12.25, 5.25, 12.75], "texture": "#0"},
				"up": {"uv": [12.75, 3.5, 12.25, 3.25], "texture": "#0"},
				"down": {"uv": [12.75, 5, 12.25, 5.25], "texture": "#0"}
			}
		},
		{
			"from": [14, 7, 15],
			"to": [16, 9, 16],
			"rotation": {"angle": 0, "axis": "y", "origin": [14, 7, 15]},
			"faces": {
				"north": {"uv": [11.75, 2, 12.25, 2.5], "texture": "#0"},
				"east": {"uv": [2, 12.5, 2.25, 13], "texture": "#0"},
				"south": {"uv": [2.5, 11.75, 3, 12.25], "texture": "#0"},
				"west": {"uv": [2.25, 12.5, 2.5, 13], "texture": "#0"},
				"up": {"uv": [13, 2.25, 12.5, 2], "texture": "#0"},
				"down": {"uv": [13, 2.5, 12.5, 2.75], "texture": "#0"}
			}
		},
		{
			"from": [11, 7, 15],
			"to": [13, 9, 16],
			"rotation": {"angle": 0, "axis": "y", "origin": [11, 7, 15]},
			"faces": {
				"north": {"uv": [11.75, 1.5, 12.25, 2], "texture": "#0"},
				"east": {"uv": [1.25, 12.5, 1.5, 13], "texture": "#0"},
				"south": {"uv": [2, 11.75, 2.5, 12.25], "texture": "#0"},
				"west": {"uv": [1.5, 12.5, 1.75, 13], "texture": "#0"},
				"up": {"uv": [13, 1.5, 12.5, 1.25], "texture": "#0"},
				"down": {"uv": [13, 1.75, 12.5, 2], "texture": "#0"}
			}
		},
		{
			"from": [8, 7, 15],
			"to": [10, 9, 16],
			"rotation": {"angle": 0, "axis": "y", "origin": [8, 7, 15]},
			"faces": {
				"north": {"uv": [11.75, 1, 12.25, 1.5], "texture": "#0"},
				"east": {"uv": [0.5, 12.5, 0.75, 13], "texture": "#0"},
				"south": {"uv": [1.5, 11.75, 2, 12.25], "texture": "#0"},
				"west": {"uv": [0.75, 12.5, 1, 13], "texture": "#0"},
				"up": {"uv": [13, 0.75, 12.5, 0.5], "texture": "#0"},
				"down": {"uv": [13, 1, 12.5, 1.25], "texture": "#0"}
			}
		},
		{
			"from": [5, 7, 15],
			"to": [7, 9, 16],
			"rotation": {"angle": 0, "axis": "y", "origin": [5, 7, 15]},
			"faces": {
				"north": {"uv": [11.75, 0.5, 12.25, 1], "texture": "#0"},
				"east": {"uv": [12, 12.25, 12.25, 12.75], "texture": "#0"},
				"south": {"uv": [1, 11.75, 1.5, 12.25], "texture": "#0"},
				"west": {"uv": [12.25, 12, 12.5, 12.5], "texture": "#0"},
				"up": {"uv": [0.5, 12.75, 0, 12.5], "texture": "#0"},
				"down": {"uv": [13, 0.25, 12.5, 0.5], "texture": "#0"}
			}
		},
		{
			"from": [2, 7, 15],
			"to": [4, 9, 16],
			"rotation": {"angle": 0, "axis": "y", "origin": [2, 7, 15]},
			"faces": {
				"north": {"uv": [11.75, 0, 12.25, 0.5], "texture": "#0"},
				"east": {"uv": [11.5, 12.25, 11.75, 12.75], "texture": "#0"},
				"south": {"uv": [0.5, 11.75, 1, 12.25], "texture": "#0"},
				"west": {"uv": [11.75, 12.25, 12, 12.75], "texture": "#0"},
				"up": {"uv": [12.75, 5.5, 12.25, 5.25], "texture": "#0"},
				"down": {"uv": [12.75, 11.75, 12.25, 12], "texture": "#0"}
			}
		},
		{
			"from": [15, 7, 0],
			"to": [16, 9, 2],
			"rotation": {"angle": 0, "axis": "y", "origin": [16, 7, 0]},
			"faces": {
				"north": {"uv": [5.25, 12.25, 5.5, 12.75], "texture": "#0"},
				"east": {"uv": [6.25, 11.5, 6.75, 12], "texture": "#0"},
				"south": {"uv": [5.75, 12.25, 6, 12.75], "texture": "#0"},
				"west": {"uv": [11.5, 6.25, 12, 6.75], "texture": "#0"},
				"up": {"uv": [12.5, 6.25, 12.25, 5.75], "texture": "#0"},
				"down": {"uv": [6.25, 12.25, 6, 12.75], "texture": "#0"}
			}
		},
		{
			"from": [15, 7, 3],
			"to": [16, 9, 5],
			"rotation": {"angle": 0, "axis": "y", "origin": [16, 7, 3]},
			"faces": {
				"north": {"uv": [6.5, 12.25, 6.75, 12.75], "texture": "#0"},
				"east": {"uv": [6.75, 11.5, 7.25, 12], "texture": "#0"},
				"south": {"uv": [6.75, 12.25, 7, 12.75], "texture": "#0"},
				"west": {"uv": [7.25, 11.5, 7.75, 12], "texture": "#0"},
				"up": {"uv": [12.5, 7.25, 12.25, 6.75], "texture": "#0"},
				"down": {"uv": [12.5, 7.25, 12.25, 7.75], "texture": "#0"}
			}
		},
		{
			"from": [15, 7, 6],
			"to": [16, 9, 8],
			"rotation": {"angle": 0, "axis": "y", "origin": [16, 7, 6]},
			"faces": {
				"north": {"uv": [7.5, 12.25, 7.75, 12.75], "texture": "#0"},
				"east": {"uv": [7.75, 11.5, 8.25, 12], "texture": "#0"},
				"south": {"uv": [7.75, 12.25, 8, 12.75], "texture": "#0"},
				"west": {"uv": [8.25, 11.5, 8.75, 12], "texture": "#0"},
				"up": {"uv": [8.75, 12.75, 8.5, 12.25], "texture": "#0"},
				"down": {"uv": [9, 12.25, 8.75, 12.75], "texture": "#0"}
			}
		},
		{
			"from": [15, 7, 9],
			"to": [16, 9, 11],
			"rotation": {"angle": 0, "axis": "y", "origin": [16, 7, 9]},
			"faces": {
				"north": {"uv": [9, 12.25, 9.25, 12.75], "texture": "#0"},
				"east": {"uv": [8.75, 11.5, 9.25, 12], "texture": "#0"},
				"south": {"uv": [9.25, 12.25, 9.5, 12.75], "texture": "#0"},
				"west": {"uv": [9.25, 11.5, 9.75, 12], "texture": "#0"},
				"up": {"uv": [10.5, 12.75, 10.25, 12.25], "texture": "#0"},
				"down": {"uv": [10.75, 12.25, 10.5, 12.75], "texture": "#0"}
			}
		},
		{
			"from": [15, 7, 12],
			"to": [16, 9, 14],
			"rotation": {"angle": 0, "axis": "y", "origin": [16, 7, 12]},
			"faces": {
				"north": {"uv": [10.75, 12.25, 11, 12.75], "texture": "#0"},
				"east": {"uv": [9.75, 11.5, 10.25, 12], "texture": "#0"},
				"south": {"uv": [11, 12.25, 11.25, 12.75], "texture": "#0"},
				"west": {"uv": [0, 11.75, 0.5, 12.25], "texture": "#0"},
				"up": {"uv": [11.5, 12.75, 11.25, 12.25], "texture": "#0"},
				"down": {"uv": [12.5, 11.25, 12.25, 11.75], "texture": "#0"}
			}
		},
		{
			"from": [0, 7, 14],
			"to": [1, 9, 16],
			"rotation": {"angle": 0, "axis": "y", "origin": [1, 7, 14]},
			"faces": {
				"north": {"uv": [9.75, 12.5, 10, 13], "texture": "#0"},
				"east": {"uv": [11.75, 11.25, 12.25, 11.75], "texture": "#0"},
				"south": {"uv": [10, 12.5, 10.25, 13], "texture": "#0"},
				"west": {"uv": [11.75, 11.75, 12.25, 12.25], "texture": "#0"},
				"up": {"uv": [12.75, 11.75, 12.5, 11.25], "texture": "#0"},
				"down": {"uv": [12.75, 12, 12.5, 12.5], "texture": "#0"}
			}
		},
		{
			"from": [0, 7, 11],
			"to": [1, 9, 13],
			"rotation": {"angle": 0, "axis": "y", "origin": [1, 7, 11]},
			"faces": {
				"north": {"uv": [7.25, 12.5, 7.5, 13], "texture": "#0"},
				"east": {"uv": [10.75, 11.75, 11.25, 12.25], "texture": "#0"},
				"south": {"uv": [8, 12.5, 8.25, 13], "texture": "#0"},
				"west": {"uv": [11.25, 11.75, 11.75, 12.25], "texture": "#0"},
				"up": {"uv": [8.5, 13, 8.25, 12.5], "texture": "#0"},
				"down": {"uv": [9.75, 12.5, 9.5, 13], "texture": "#0"}
			}
		},
		{
			"from": [0, 7, 8],
			"to": [1, 9, 10],
			"rotation": {"angle": 0, "axis": "y", "origin": [1, 7, 8]},
			"faces": {
				"north": {"uv": [6.25, 12.5, 6.5, 13], "texture": "#0"},
				"east": {"uv": [11.75, 7.25, 12.25, 7.75], "texture": "#0"},
				"south": {"uv": [12.5, 6.5, 12.75, 7], "texture": "#0"},
				"west": {"uv": [10.25, 11.75, 10.75, 12.25], "texture": "#0"},
				"up": {"uv": [7.25, 13, 7, 12.5], "texture": "#0"},
				"down": {"uv": [12.75, 7, 12.5, 7.5], "texture": "#0"}
			}
		},
		{
			"from": [0, 7, 5],
			"to": [1, 9, 7],
			"rotation": {"angle": 0, "axis": "y", "origin": [1, 7, 5]},
			"faces": {
				"north": {"uv": [4.75, 12.5, 5, 13], "texture": "#0"},
				"east": {"uv": [11.75, 3, 12.25, 3.5], "texture": "#0"},
				"south": {"uv": [5.5, 12.5, 5.75, 13], "texture": "#0"},
				"west": {"uv": [11.75, 6.75, 12.25, 7.25], "texture": "#0"},
				"up": {"uv": [12.75, 6, 12.5, 5.5], "texture": "#0"},
				"down": {"uv": [12.75, 6, 12.5, 6.5], "texture": "#0"}
			}
		},
		{
			"from": [0, 7, 2],
			"to": [1, 9, 4],
			"rotation": {"angle": 0, "axis": "y", "origin": [1, 7, 2]},
			"faces": {
				"north": {"uv": [2.75, 12.5, 3, 13], "texture": "#0"},
				"east": {"uv": [11.75, 2.5, 12.25, 3], "texture": "#0"},
				"south": {"uv": [3, 12.5, 3.25, 13], "texture": "#0"},
				"west": {"uv": [3, 11.75, 3.5, 12.25], "texture": "#0"},
				"up": {"uv": [3.75, 13, 3.5, 12.5], "texture": "#0"},
				"down": {"uv": [4.75, 12.5, 4.5, 13], "texture": "#0"}
			}
		},
		{
			"from": [6.6, 4.5, 15],
			"to": [8.6, 6.5, 16],
			"rotation": {"angle": -45, "axis": "z", "origin": [6.6, 4.5, 14]},
			"faces": {
				"north": {"uv": [9.75, 11, 10.25, 11.5], "texture": "#0"},
				"east": {"uv": [9.5, 12, 9.75, 12.5], "texture": "#0"},
				"south": {"uv": [10.25, 11.25, 10.75, 11.75], "texture": "#0"},
				"west": {"uv": [9.75, 12, 10, 12.5], "texture": "#0"},
				"up": {"uv": [0.5, 12.5, 0, 12.25], "texture": "#0"},
				"down": {"uv": [12.75, 0, 12.25, 0.25], "texture": "#0"}
			}
		},
		{
			"from": [2.5, 4, 15],
			"to": [4.5, 6, 16],
			"rotation": {"angle": -45, "axis": "z", "origin": [2.5, 4, 14]},
			"faces": {
				"north": {"uv": [8.75, 11, 9.25, 11.5], "texture": "#0"},
				"east": {"uv": [8, 12, 8.25, 12.5], "texture": "#0"},
				"south": {"uv": [9.25, 11, 9.75, 11.5], "texture": "#0"},
				"west": {"uv": [8.25, 12, 8.5, 12.5], "texture": "#0"},
				"up": {"uv": [9, 12.25, 8.5, 12], "texture": "#0"},
				"down": {"uv": [9.5, 12, 9, 12.25], "texture": "#0"}
			}
		},
		{
			"from": [10.65, 4, 15],
			"to": [12.65, 6, 16],
			"rotation": {"angle": -45, "axis": "z", "origin": [10.65, 4, 14]},
			"faces": {
				"north": {"uv": [7.75, 11, 8.25, 11.5], "texture": "#0"},
				"east": {"uv": [7, 12, 7.25, 12.5], "texture": "#0"},
				"south": {"uv": [8.25, 11, 8.75, 11.5], "texture": "#0"},
				"west": {"uv": [7.25, 12, 7.5, 12.5], "texture": "#0"},
				"up": {"uv": [12.5, 6.75, 12, 6.5], "texture": "#0"},
				"down": {"uv": [8, 12, 7.5, 12.25], "texture": "#0"}
			}
		},
		{
			"from": [6.6, 4.5, 0],
			"to": [8.6, 6.5, 1],
			"rotation": {"angle": -45, "axis": "z", "origin": [6.6, 4.5, -1]},
			"faces": {
				"north": {"uv": [6.75, 11, 7.25, 11.5], "texture": "#0"},
				"east": {"uv": [12, 5.75, 12.25, 6.25], "texture": "#0"},
				"south": {"uv": [7.25, 11, 7.75, 11.5], "texture": "#0"},
				"west": {"uv": [6.25, 12, 6.5, 12.5], "texture": "#0"},
				"up": {"uv": [12.5, 6.5, 12, 6.25], "texture": "#0"},
				"down": {"uv": [7, 12, 6.5, 12.25], "texture": "#0"}
			}
		},
		{
			"from": [10.65, 4, 0],
			"to": [12.65, 6, 1],
			"rotation": {"angle": -45, "axis": "z", "origin": [10.65, 4, -1]},
			"faces": {
				"north": {"uv": [11, 5.75, 11.5, 6.25], "texture": "#0"},
				"east": {"uv": [12, 5, 12.25, 5.5], "texture": "#0"},
				"south": {"uv": [11, 6.25, 11.5, 6.75], "texture": "#0"},
				"west": {"uv": [5.5, 12, 5.75, 12.5], "texture": "#0"},
				"up": {"uv": [12.5, 5.75, 12, 5.5], "texture": "#0"},
				"down": {"uv": [6.25, 12, 5.75, 12.25], "texture": "#0"}
			}
		},
		{
			"from": [2.5, 4, 0],
			"to": [4.5, 6, 1],
			"rotation": {"angle": -45, "axis": "z", "origin": [2.5, 4, -1]},
			"faces": {
				"north": {"uv": [11, 4.75, 11.5, 5.25], "texture": "#0"},
				"east": {"uv": [4.5, 12, 4.75, 12.5], "texture": "#0"},
				"south": {"uv": [11, 5.25, 11.5, 5.75], "texture": "#0"},
				"west": {"uv": [4.75, 12, 5, 12.5], "texture": "#0"},
				"up": {"uv": [12.5, 5, 12, 4.75], "texture": "#0"},
				"down": {"uv": [5.5, 12, 5, 12.25], "texture": "#0"}
			}
		}
	],
	"display": {
		"thirdperson_righthand": {
			"translation": [0, 2, 0],
			"scale": [0.25, 0.25, 0.25]
		},
		"thirdperson_lefthand": {
			"translation": [0, 2, 0],
			"scale": [0.25, 0.25, 0.25]
		},
		"firstperson_righthand": {
			"translation": [0, 3.5, 0],
			"scale": [0.5, 0.5, 0.5]
		},
		"firstperson_lefthand": {
			"translation": [0, 3.5, 0],
			"scale": [0.5, 0.5, 0.5]
		},
		"ground": {
			"translation": [0, 7.25, 0],
			"scale": [0.85, 0.85, 0.85]
		},
		"gui": {
			"rotation": [45, 45, 0],
			"translation": [0, 2, 0],
			"scale": [0.75, 0.75, 0.75]
		},
		"head": {
			"translation": [0, 11.5, 0],
			"scale": [0.85, 0.85, 0.85]
		},
		"fixed": {
			"rotation": [-90, 0, 0],
			"translation": [0, 0, -8]
		}
	}
}